subgrupo,norma_L2_H1,pct_resultado_adverso
Dosis baja (<1000 µg/d),1.28276749918467,0.11428571428571428
Dosis adecuada (≥1000),1.7212809767550796,0.09256198347107437
